cve,attack_vector,attack_complexity,attack_requirements,privileges_required,user_interaction,exploit_maturity,epss,percentile,cvss_score,cvss_severity,days_since_reserved,days_since_published,date_reserved_published_delta
CVE-2024-41093,,,,,,,0.00042,0.05085,,,153,136,17
CVE-2021-30161,,,,,,,0.00044,0.13301,,,1347,1346,1
CVE-2022-38923,,,,,,,0.00147,0.51277,,,837,620,217
CVE-2021-28330,,,,,,,0.01266,0.859,8.8,2.0,1372,1339,33
CVE-2023-40105,,,,,,,0.00043,0.09608,,,492,301,191
CVE-2021-24398,,,,,,,0.00112,0.4519,,,1429,1179,250
CVE-2021-44679,1.0,0.0,,2.0,0.0,,0.00651,0.79677,9.8,1.0,1103,1102,1
CVE-2023-33320,1.0,0.0,,2.0,1.0,,0.00063,0.27966,7.1,2.0,570,470,100
CVE-2020-36703,,,,,,,0.0008,0.35153,6.4,3.0,555,555,0
CVE-2023-27105,,,,,,,0.00238,0.61956,,,655,598,57
CVE-2023-23944,1.0,1.0,,1.0,1.0,,0.00102,0.42517,2.0,4.0,693,675,18
CVE-2022-30417,,,,,,,0.00088,0.38225,,,949,944,5
CVE-2023-4622,2.0,0.0,,0.0,0.0,,0.00042,0.05085,7.8,2.0,470,463,7
CVE-2024-29742,,,,,,,0.00043,0.09608,,,268,251,17
CVE-2021-45954,,,,,,,0.00193,0.57315,,,1078,1077,1
CVE-2024-21731,,,,,,,0.0006,0.26449,,,346,156,190
CVE-2023-3893,1.0,0.0,,0.0,0.0,,0.00061,0.26849,8.8,2.0,507,405,102
CVE-2022-36441,,,,,,,0.00044,0.13301,,,872,703,169
CVE-2021-44373,1.0,0.0,,2.0,0.0,,0.00084,0.36738,8.6,2.0,1110,1049,61
CVE-2022-43121,,,,,,,0.00095,0.40703,,,788,765,23
CVE-2023-31699,,,,,,,0.0006,0.26614,,,594,576,18
CVE-2024-40964,,,,,,,0.00042,0.05085,,,153,153,0
CVE-2023-22798,,,,,,,0.00095,0.40703,,,707,673,34
CVE-2023-47625,2.0,1.0,,2.0,0.0,,0.00044,0.14101,2.9,4.0,401,395,6
CVE-2021-43074,1.0,0.0,,0.0,0.0,,0.00054,0.23524,4.1,3.0,1141,665,476
CVE-2024-37026,,,,,,,0.00043,0.09608,,,171,171,0
CVE-2024-24062,,,,,,,0.00045,0.14721,,,323,316,7
CVE-2021-24790,,,,,,,0.00053,0.21897,,,1429,1095,334
CVE-2023-35061,4.0,0.0,1.0,2.0,0.0,,0.00043,0.09608,2.3,4.0,545,302,243
CVE-2024-1841,,,,,,,0.00045,0.14721,6.4,3.0,293,224,69
CVE-2023-2029,,,,,,,0.00093,0.40345,,,609,521,88
CVE-2021-25241,,,,,,,0.01138,0.84987,,,1428,1407,21
CVE-2024-39069,2.0,0.0,,2.0,1.0,,0.00043,0.09608,7.8,2.0,175,157,18
CVE-2022-35222,5.0,0.0,,2.0,0.0,,0.00073,0.32396,6.8,3.0,892,863,29
CVE-2024-8051,1.0,0.0,,1.0,1.0,,,,5.7,3.0,113,86,27
CVE-2021-27962,,,,,,,0.00099,0.41697,,,1379,1361,18
CVE-2023-41054,1.0,0.0,,2.0,0.0,,0.00269,0.68057,8.2,2.0,478,465,13
CVE-2022-30325,,,,,,,0.00068,0.30584,,,951,910,41
CVE-2021-40008,,,,,,,0.00103,0.43004,,,1208,1095,113
CVE-2023-48718,1.0,0.0,,2.0,0.0,,0.00076,0.33693,9.8,1.0,391,357,34
CVE-2024-22233,1.0,0.0,,2.0,0.0,,0.00046,0.17021,7.5,2.0,339,325,14
CVE-2024-32859,2.0,1.0,,1.0,0.0,,0.00043,0.09608,7.5,2.0,237,182,55
CVE-2023-1711,2.0,1.0,,1.0,1.0,,0.00058,0.25652,4.0,3.0,623,562,61
CVE-2023-0747,1.0,0.0,,0.0,1.0,,0.00058,0.25551,5.5,3.0,674,674,0
CVE-2024-28560,1.0,0.0,,0.0,0.0,,0.00045,0.16337,5.4,3.0,280,266,14
CVE-2023-28843,1.0,0.0,,2.0,0.0,,0.00119,0.46785,9.8,1.0,629,622,7
CVE-2021-24465,,,,,,,0.00074,0.32914,,,1429,1165,264
CVE-2023-45379,,,,,,,0.00076,0.33693,,,431,421,10
CVE-2021-31890,,,,,,,0.00319,0.70786,,,1324,1129,195
CVE-2024-36233,1.0,0.0,,0.0,1.0,0.0,0.00047,0.18143,5.4,3.0,205,182,23
CVE-2021-33204,,,,,,,0.00508,0.76783,,,1304,1303,1
CVE-2022-32363,,,,,,,0.00088,0.38225,,,922,912,10
CVE-2021-24581,,,,,,,0.00121,0.47174,,,1429,1200,229
CVE-2024-31744,1.0,0.0,,2.0,0.0,,0.00043,0.09608,7.5,2.0,252,238,14
CVE-2024-7608,1.0,1.0,,0.0,1.0,,0.00043,0.09608,5.9,3.0,126,107,19
CVE-2021-35987,2.0,0.0,,2.0,1.0,,0.00071,0.31606,3.3,4.0,1262,1210,52
CVE-2023-23451,,,,,,,0.0017,0.54421,,,701,604,97
CVE-2022-30490,,,,,,,0.00158,0.52619,,,949,926,23
CVE-2021-22413,,,,,,,0.00103,0.43004,,,1438,1228,210
CVE-2023-0284,,,,,,,0.00076,0.33449,6.8,3.0,699,688,11
CVE-2022-37407,1.0,0.0,,0.0,1.0,,0.00054,0.23524,4.1,3.0,857,825,32
CVE-2023-41186,,,,,,,0.00046,0.17013,6.5,3.0,476,224,252
CVE-2024-37217,1.0,0.0,,0.0,1.0,,0.00045,0.14721,6.5,3.0,191,143,48
CVE-2022-22684,1.0,0.0,,1.0,0.0,,0.0007,0.31251,7.2,2.0,1073,868,205
CVE-2024-23673,1.0,1.0,,0.0,0.0,,0.00068,0.30622,8.5,2.0,328,310,18
CVE-2021-43571,,,,,,,0.00291,0.6937,,,1130,1129,1
CVE-2023-20077,1.0,0.0,,1.0,0.0,,0.0009,0.39119,4.9,3.0,778,575,203
CVE-2022-2410,,,,,,,0.00058,0.25551,,,883,857,26
CVE-2024-27459,1.0,0.0,,1.0,0.0,,0.00042,0.05085,7.2,2.0,275,157,118
CVE-2022-30863,,,,,,,0.00058,0.25551,,,942,920,22
CVE-2023-0664,,,,,,,0.00045,0.14869,,,679,625,54
CVE-2022-28365,,,,,,,0.05306,0.93214,,,985,979,6
CVE-2023-35121,2.0,1.0,,0.0,0.0,,0.00043,0.09608,7.8,2.0,497,302,195
CVE-2023-39114,,,,,,,0.00044,0.13423,,,507,499,8
CVE-2024-37185,3.0,0.0,,0.0,0.0,,0.00091,0.39616,8.2,2.0,191,163,28
CVE-2023-29441,1.0,0.0,,2.0,1.0,,0.00063,0.27966,7.1,2.0,616,463,153
CVE-2023-4447,,,,,,,0.00142,0.50613,6.366666666666667,3.0,480,480,0
CVE-2024-38709,1.0,1.0,,0.0,0.0,,0.00044,0.11136,5.3,3.0,176,153,23
CVE-2024-39926,1.0,0.0,,2.0,0.0,,0.00043,0.09608,7.5,2.0,163,91,72
CVE-2021-46455,,,,,,,0.00228,0.61109,,,1054,1043,11
CVE-2018-25009,,,,,,,0.00302,0.69842,,,1319,1301,18
CVE-2022-1681,1.0,0.0,,1.0,0.0,,0.00098,0.41554,7.2,2.0,946,945,1
CVE-2021-35045,,,,,,,0.00089,0.38596,,,1274,1269,5
CVE-2023-51025,3.0,0.0,,2.0,0.0,,0.00622,0.79123,8.8,2.0,361,357,4
CVE-2024-33667,,,,,,,0.00043,0.09608,,,231,231,0
CVE-2024-5751,1.0,0.0,,2.0,0.0,,0.00043,0.09608,9.8,1.0,188,168,20
CVE-2024-8117,,,,,,,0.00052,0.21265,6.1,3.0,111,99,12
CVE-2022-2751,1.0,0.0,,0.0,0.0,,0.00205,0.58525,6.3,3.0,856,854,2
CVE-2022-22935,,,,,,,0.00119,0.46713,,,1068,990,78
CVE-2023-37518,1.0,0.0,,0.0,0.0,,0.00049,0.18884,6.4,3.0,525,317,208
CVE-2022-26534,,,,,,,0.00072,0.32183,,,1012,1002,10
CVE-2021-39273,,,,,,,0.00453,0.75458,,,1213,1211,2
CVE-2021-28153,,,,,,,0.01318,0.86211,,,1373,1372,1
CVE-2023-46033,,,,,,,0.0005,0.20437,,,424,421,3
CVE-2024-0294,,,,,,,0.0025,0.65178,7.366666666666667,2.0,340,340,0
CVE-2024-3075,,,,,,,0.00043,0.09608,,,259,230,29
CVE-2024-1580,3.0,1.0,,0.0,0.0,,0.00046,0.17777,5.9,3.0,300,297,3
CVE-2023-31092,1.0,0.0,,1.0,0.0,,0.0005,0.20134,5.5,3.0,598,358,240
CVE-2023-36520,1.0,0.0,,0.0,0.0,,0.0005,0.20134,5.4,3.0,539,358,181
CVE-2023-4708,,,,,,,0.00182,0.5588,6.366666666666667,3.0,468,468,0
CVE-2022-45470,,,,,,,0.00089,0.38643,,,756,753,3
CVE-2021-38905,1.0,0.0,,0.0,0.0,2.0,0.0006,0.26183,4.3,3.0,1215,965,250
CVE-2024-4543,,,,,,,0.00046,0.17711,4.3,3.0,220,162,58
CVE-2023-49540,1.0,0.0,,2.0,1.0,,0.00045,0.16337,6.1,3.0,382,287,95
CVE-2022-36847,2.0,1.0,,2.0,0.0,,0.00044,0.13301,4.9,3.0,870,825,45
CVE-2023-23591,,,,,,,0.00076,0.33579,,,698,611,87
CVE-2021-24598,,,,,,,0.00053,0.22146,,,1429,1121,308
CVE-2021-3857,2.0,0.0,,0.0,0.0,,0.00053,0.22146,7.3,2.0,1166,1060,106
CVE-2021-22868,,,,,,,0.00086,0.37022,,,1437,1175,262
CVE-2023-27578,1.0,0.0,,2.0,0.0,,0.00107,0.44092,9.1,1.0,650,633,17
CVE-2022-41949,1.0,0.0,,0.0,0.0,,0.0005,0.2011,5.0,3.0,804,735,69
CVE-2022-28067,,,,,,,0.00075,0.32961,,,991,953,38
CVE-2024-42557,1.0,0.0,,2.0,1.0,,0.00043,0.09608,8.8,2.0,130,115,15
CVE-2022-42432,2.0,0.0,,1.0,0.0,,0.00045,0.16712,5.1,3.0,802,625,177
CVE-2021-39325,1.0,0.0,,2.0,1.0,,0.00066,0.30103,6.1,3.0,1211,1179,32
CVE-2021-22345,,,,,,,0.00222,0.60594,,,1438,1261,177
CVE-2024-8478,,,,,,,0.00052,0.21265,7.3,2.0,98,94,4
CVE-2024-42310,,,,,,,0.00042,0.05085,,,135,117,18
CVE-2023-29984,,,,,,,0.00161,0.53107,,,616,521,95
CVE-2021-39008,1.0,0.0,,1.0,0.0,,0.00049,0.1968,2.7,4.0,1214,385,829
CVE-2022-20725,1.0,0.0,,1.0,0.0,,0.00088,0.38449,5.5,3.0,1137,972,165
CVE-2023-40748,,,,,,,0.00118,0.46422,,,479,473,6
CVE-2021-23470,1.0,0.0,,2.0,0.0,1.0,0.00255,0.65561,8.2,2.0,1435,1042,393
CVE-2024-32821,1.0,0.0,,0.0,0.0,,0.00043,0.09608,4.3,3.0,238,186,52
CVE-2024-42276,,,,,,,0.00044,0.10921,,,135,117,18
CVE-2024-33976,1.0,0.0,,2.0,1.0,,0.00046,0.17711,7.1,2.0,227,128,99
CVE-2024-23704,2.0,1.0,,0.0,0.0,,0.00043,0.09608,7.0,2.0,328,219,109
CVE-2023-30920,,,,,,,0.00042,0.05085,,,601,519,82
CVE-2024-34171,2.0,0.0,0.0,2.0,3.0,,0.00065,0.29631,8.5,2.0,206,196,10
CVE-2022-1173,1.0,0.0,,1.0,0.0,,0.00053,0.22146,8.2,2.0,989,961,28
CVE-2023-3880,,,,,,,0.00541,0.77568,6.366666666666667,3.0,507,506,1
CVE-2024-24766,2.0,0.0,,2.0,0.0,,0.00045,0.16337,6.2,3.0,318,281,37
CVE-2021-35651,1.0,0.0,,0.0,0.0,,0.00089,0.38715,8.5,2.0,1264,1149,115
CVE-2021-43941,,,,,,,0.00075,0.33006,,,1123,1031,92
CVE-2023-24730,,,,,,,0.00107,0.44264,,,683,639,44
CVE-2024-38127,,,,,,,0.00146,0.51163,7.8,2.0,184,121,63
CVE-2024-30324,,,,,,,0.00046,0.17013,7.8,2.0,261,253,8
CVE-2022-40203,1.0,0.0,,0.0,0.0,,0.0005,0.19991,6.3,3.0,807,330,477
CVE-2022-45476,,,,,,,0.00259,0.65866,,,756,749,7
CVE-2024-0235,,,,,,,0.00394,0.73688,,,343,331,12
CVE-2021-33600,1.0,0.0,,0.0,1.0,,0.00124,0.47643,5.4,3.0,1296,1171,125
CVE-2024-21143,1.0,0.0,,2.0,0.0,,0.00046,0.17711,5.3,3.0,371,149,222
CVE-2021-39885,1.0,0.0,,0.0,1.0,,0.00067,0.30241,8.7,2.0,1208,1165,43
CVE-2022-0351,2.0,0.0,,2.0,0.0,,0.00077,0.33971,8.4,2.0,1054,1053,1
CVE-2021-34935,2.0,0.0,,2.0,1.0,,0.00262,0.66127,7.8,2.0,1275,1064,211
CVE-2021-27275,1.0,0.0,,0.0,0.0,,0.02154,0.89532,8.3,2.0,1396,1354,42
CVE-2021-26968,,,,,,,0.00066,0.29967,,,1403,1378,25
CVE-2023-43657,1.0,0.0,,1.0,0.0,,0.00056,0.2423,7.2,2.0,449,441,8
CVE-2024-33021,2.0,0.0,,2.0,0.0,,0.00043,0.09608,8.4,2.0,233,129,104
CVE-2024-41628,1.0,0.0,,2.0,0.0,,0.00064,0.28848,7.5,2.0,148,140,8
CVE-2024-34101,2.0,0.0,,2.0,1.0,0.0,0.00056,0.24304,5.5,3.0,226,211,15
CVE-2023-30475,1.0,0.0,,2.0,1.0,,0.00063,0.27966,7.1,2.0,611,486,125
CVE-2022-39365,1.0,0.0,,2.0,0.0,,0.01738,0.88172,9.8,1.0,833,778,55
CVE-2021-44372,1.0,0.0,,2.0,0.0,,0.00084,0.36738,8.6,2.0,1110,1049,61
CVE-2023-2519,,,,,,,0.00189,0.56679,7.366666666666667,2.0,588,588,0
CVE-2021-44321,,,,,,,0.00044,0.13517,,,1110,1014,96
CVE-2021-42103,,,,,,,0.00045,0.16712,,,1162,1148,14
CVE-2022-29218,1.0,0.0,,0.0,0.0,,0.00068,0.30662,7.7,2.0,975,945,30
CVE-2024-7868,2.0,1.0,0.0,2.0,0.0,,0.00046,0.17711,2.1,4.0,119,119,0
CVE-2024-2111,,,,,,,0.00043,0.09608,6.4,3.0,286,260,26
CVE-2023-43235,,,,,,,0.00092,0.39973,,,452,449,3
CVE-2022-28652,,,,,,,0.00043,0.09608,,,983,191,792
CVE-2022-30105,,,,,,,0.01743,0.88188,,,956,939,17
CVE-2021-21726,,,,,,,0.00044,0.11036,,,1439,1371,68
CVE-2024-26470,1.0,1.0,,2.0,0.0,,0.00045,0.16337,8.1,2.0,298,290,8
CVE-2023-32876,,,,,,,0.00042,0.05085,,,577,346,231
CVE-2022-26925,,,,,,,0.90714,0.98906,8.1,2.0,1008,947,61
CVE-2021-26625,1.0,0.0,,2.0,1.0,,0.00299,0.69739,8.8,2.0,1409,968,441
CVE-2024-25695,1.0,0.0,,2.0,0.0,,0.00043,0.09608,7.2,2.0,307,252,55
CVE-2024-21607,1.0,0.0,,2.0,0.0,,0.00046,0.17711,5.3,3.0,351,336,15
CVE-2021-33214,,,,,,,0.00074,0.32774,,,1303,1252,51
CVE-2023-2330,,,,,,,0.0019,0.56769,,,595,514,81
CVE-2024-2689,1.0,1.0,,1.0,0.0,,0.00043,0.09608,4.4,3.0,268,253,15
CVE-2023-25727,,,,,,,0.00054,0.23524,,,669,669,0
CVE-2022-3703,3.0,1.0,,1.0,0.0,,0.00258,0.65747,7.6,2.0,779,763,16
CVE-2023-37284,,,,,,,0.00064,0.28747,,,485,463,22
CVE-2022-29080,,,,,,,0.00202,0.5822,,,976,975,1
CVE-2021-3430,3.0,0.0,,2.0,0.0,,0.00089,0.38914,6.5,3.0,1373,898,475
CVE-2022-2463,2.0,0.0,,2.0,1.0,,0.00193,0.57221,6.1,3.0,879,840,39
CVE-2023-4987,,,,,,,0.00042,0.05085,5.4,3.0,454,454,0
CVE-2022-29150,,,,,,,0.00043,0.1009,7.0,2.0,976,947,29
CVE-2023-1563,,,,,,,0.00147,0.51245,6.366666666666667,3.0,631,631,0
CVE-2022-2546,,,,,,,0.00188,0.56542,,,870,679,191
CVE-2024-22184,2.0,1.0,1.0,0.0,2.0,,0.00043,0.09608,5.4,3.0,273,120,153
CVE-2022-45166,1.0,0.0,,0.0,0.0,,0.00054,0.23524,6.5,3.0,763,703,60
CVE-2021-43440,,,,,,,0.00172,0.54603,,,1131,1088,43
CVE-2023-1469,,,,,,,0.00053,0.21666,4.4,3.0,636,636,0
CVE-2021-23879,2.0,0.0,,1.0,0.0,,0.00044,0.13301,6.7,3.0,1431,1368,63
CVE-2023-0876,,,,,,,0.00091,0.39691,,,665,633,32
CVE-2023-49337,1.0,0.0,,1.0,1.0,,0.00045,0.16337,2.4,4.0,382,354,28
CVE-2022-41409,,,,,,,0.00085,0.36787,,,809,514,295
CVE-2022-32470,,,,,,,0.00044,0.13301,,,921,667,254
CVE-2023-0954,3.0,1.0,,2.0,0.0,,0.00335,0.71514,8.3,2.0,659,553,106
CVE-2024-20709,2.0,0.0,,2.0,1.0,0.0,0.00066,0.30147,5.5,3.0,374,332,42
CVE-2022-24360,2.0,0.0,,2.0,1.0,,0.02668,0.90607,7.8,2.0,1045,1028,17
CVE-2022-23708,,,,,,,0.00054,0.23524,,,1059,1015,44
CVE-2024-42370,1.0,0.0,,2.0,1.0,,0.00046,0.17066,8.3,2.0,135,125,10
CVE-2022-28523,,,,,,,0.00081,0.35555,,,984,961,23
CVE-2023-50026,,,,,,,0.00091,0.39616,,,375,308,67
CVE-2023-29820,,,,,,,0.00042,0.05085,,,616,581,35
